<?xml version="1.0" encoding="UTF-8"?><InteractionHistory Id="local-2" Version="1"><InteractionEvent Delta="null" EndDate="2017-04-11 16:13:51.317 BST" Interest="1.751" Kind="propagation" Navigation="org.eclipse.mylyn.core.model.edges.containment" OriginId="org.eclipse.mylyn.core.model.interest.propagation" StartDate="2017-04-10 02:14:31.334 BST" StructureHandle="=Bombeiros/src&amp;lt;bvsm" StructureKind="java" NumEvents="3" CreationCount="0"/><InteractionEvent Delta="null" EndDate="2017-04-11 16:14:25.167 BST" Interest="1.717" Kind="propagation" Navigation="org.eclipse.mylyn.core.model.edges.containment" OriginId="org.eclipse.mylyn.core.model.interest.propagation" StartDate="2017-04-11 16:14:00.647 BST" StructureHandle="=Bombeiros/src&amp;lt;bvsm.panel.tools" StructureKind="java" NumEvents="3" CreationCount="5"/><InteractionEvent Delta="null" EndDate="2017-04-11 16:14:25.166 BST" Interest="3.0" Kind="propagation" Navigation="org.eclipse.mylyn.core.model.edges.containment" OriginId="org.eclipse.mylyn.core.model.interest.propagation" StartDate="2017-04-11 16:14:00.647 BST" StructureHandle="/Bombeiros/src/bvsm/panel" StructureKind="resource" NumEvents="3" CreationCount="5"/><InteractionEvent Delta="null" EndDate="2017-04-10 02:14:37.485 BST" Interest="2.0" Kind="edit" Navigation="null" OriginId="org.eclipse.jdt.ui.CompilationUnitEditor" StartDate="2017-04-10 02:14:31.331 BST" StructureHandle="=Bombeiros/src&amp;lt;bvsm{Main.java[Main^toolFrame" StructureKind="java" NumEvents="2" CreationCount="1"/><InteractionEvent Delta="null" EndDate="2017-04-11 16:13:51.315 BST" Interest="1.7170001" Kind="propagation" Navigation="org.eclipse.mylyn.core.model.edges.containment" OriginId="org.eclipse.mylyn.core.model.interest.propagation" StartDate="2017-04-10 02:14:31.332 BST" StructureHandle="=Bombeiros/src&amp;lt;bvsm{Main.java[Main" StructureKind="java" NumEvents="3" CreationCount="2"/><InteractionEvent Delta="null" EndDate="2017-04-11 16:13:51.316 BST" Interest="1.7170001" Kind="propagation" Navigation="org.eclipse.mylyn.core.model.edges.containment" OriginId="org.eclipse.mylyn.core.model.interest.propagation" StartDate="2017-04-10 02:14:31.333 BST" StructureHandle="=Bombeiros/src&amp;lt;bvsm{Main.java" StructureKind="java" NumEvents="3" CreationCount="2"/><InteractionEvent Delta="null" EndDate="2017-04-11 16:13:51.316 BST" Interest="4.0" Kind="propagation" Navigation="null" OriginId="org.eclipse.jdt.ui.CompilationUnitEditor" StartDate="2017-04-10 02:14:31.332 BST" StructureHandle="/Bombeiros/src/bvsm/Main.java" StructureKind="resource" NumEvents="4" CreationCount="2"/><InteractionEvent Delta="null" EndDate="2017-04-11 16:14:25.167 BST" Interest="7.0" Kind="propagation" Navigation="null" OriginId="org.eclipse.jdt.ui.CompilationUnitEditor" StartDate="2017-04-10 02:14:31.333 BST" StructureHandle="/Bombeiros/src" StructureKind="resource" NumEvents="7" CreationCount="2"/><InteractionEvent Delta="null" EndDate="2017-04-11 16:14:25.167 BST" Interest="7.0" Kind="propagation" Navigation="org.eclipse.mylyn.core.model.edges.containment" OriginId="org.eclipse.mylyn.core.model.interest.propagation" StartDate="2017-04-10 02:14:31.333 BST" StructureHandle="/" StructureKind="resource" NumEvents="7" CreationCount="2"/><InteractionEvent Delta="null" EndDate="2017-04-11 16:14:25.166 BST" Interest="3.0" Kind="propagation" Navigation="null" OriginId="org.eclipse.jdt.ui.CompilationUnitEditor" StartDate="2017-04-11 16:14:00.646 BST" StructureHandle="/Bombeiros/src/bvsm/panel/tools/Tools.java" StructureKind="resource" NumEvents="3" CreationCount="5"/><InteractionEvent Delta="null" EndDate="2017-04-10 02:14:41.271 BST" Interest="1.0" Kind="selection" Navigation="null" OriginId="org.eclipse.jdt.ui.CompilationUnitEditor" StartDate="2017-04-10 02:14:41.271 BST" StructureHandle="=Bombeiros/src&amp;lt;bvsm{Main.java[Main^mFrameTitle" StructureKind="java"/><InteractionEvent Delta="null" EndDate="2017-04-11 16:13:51.314 BST" Interest="1.0" Kind="edit" Navigation="null" OriginId="org.eclipse.jdt.ui.CompilationUnitEditor" StartDate="2017-04-11 16:13:51.314 BST" StructureHandle="=Bombeiros/src&amp;lt;bvsm{Main.java[Main^mFrameTitle" StructureKind="java"/><InteractionEvent Delta="null" EndDate="2017-04-11 16:13:51.317 BST" Interest="1.751" Kind="propagation" Navigation="org.eclipse.mylyn.core.model.edges.containment" OriginId="org.eclipse.mylyn.core.model.interest.propagation" StartDate="2017-04-10 02:14:31.334 BST" StructureHandle="=Bombeiros/src" StructureKind="java" NumEvents="3" CreationCount="0"/><InteractionEvent Delta="null" EndDate="2017-04-11 16:14:00.646 BST" Interest="1.0" Kind="selection" Navigation="null" OriginId="org.eclipse.jdt.ui.CompilationUnitEditor" StartDate="2017-04-11 16:14:00.646 BST" StructureHandle="=Bombeiros/src&amp;lt;bvsm.panel.tools{Tools.java" StructureKind="java"/><InteractionEvent Delta="null" EndDate="2017-04-11 16:14:25.167 BST" Interest="0.71699995" Kind="propagation" Navigation="org.eclipse.mylyn.core.model.edges.containment" OriginId="org.eclipse.mylyn.core.model.interest.propagation" StartDate="2017-04-11 16:14:00.724 BST" StructureHandle="=Bombeiros/src&amp;lt;bvsm.panel.tools{Tools.java" StructureKind="java" NumEvents="2" CreationCount="5"/><InteractionEvent Delta="null" EndDate="2017-04-11 16:14:25.166 BST" Interest="1.717" Kind="propagation" Navigation="org.eclipse.mylyn.core.model.edges.containment" OriginId="org.eclipse.mylyn.core.model.interest.propagation" StartDate="2017-04-11 16:14:00.723 BST" StructureHandle="=Bombeiros/src&amp;lt;bvsm.panel.tools{Tools.java[Tools" StructureKind="java" NumEvents="2" CreationCount="5"/><InteractionEvent Delta="null" EndDate="2017-04-11 16:14:25.166 BST" Interest="3.0" Kind="propagation" Navigation="org.eclipse.mylyn.core.model.edges.containment" OriginId="org.eclipse.mylyn.core.model.interest.propagation" StartDate="2017-04-11 16:14:00.647 BST" StructureHandle="/Bombeiros/src/bvsm/panel/tools" StructureKind="resource" NumEvents="3" CreationCount="5"/><InteractionEvent Delta="null" EndDate="2017-04-11 16:14:25.167 BST" Interest="7.0" Kind="propagation" Navigation="org.eclipse.mylyn.core.model.edges.containment" OriginId="org.eclipse.mylyn.core.model.interest.propagation" StartDate="2017-04-10 02:14:31.333 BST" StructureHandle="=Bombeiros" StructureKind="resource" NumEvents="7" CreationCount="2"/><InteractionEvent Delta="null" EndDate="2017-04-11 16:13:51.316 BST" Interest="4.0" Kind="propagation" Navigation="org.eclipse.mylyn.core.model.edges.containment" OriginId="org.eclipse.mylyn.core.model.interest.propagation" StartDate="2017-04-10 02:14:31.333 BST" StructureHandle="/Bombeiros/src/bvsm" StructureKind="resource" NumEvents="4" CreationCount="2"/><InteractionEvent Delta="null" EndDate="2017-04-11 16:14:00.722 BST" Interest="1.0" Kind="selection" Navigation="null" OriginId="org.eclipse.jdt.ui.CompilationUnitEditor" StartDate="2017-04-11 16:14:00.722 BST" StructureHandle="=Bombeiros/src&amp;lt;bvsm.panel.tools{Tools.java[Tools~updateCombo~\[QString;~QString;" StructureKind="java"/><InteractionEvent Delta="null" EndDate="2017-04-11 16:14:25.166 BST" Interest="1.0" Kind="edit" Navigation="null" OriginId="org.eclipse.jdt.ui.CompilationUnitEditor" StartDate="2017-04-11 16:14:25.166 BST" StructureHandle="=Bombeiros/src&amp;lt;bvsm.panel.tools{Tools.java[Tools~updateCombo~\[QString;~QString;" StructureKind="java"/></InteractionHistory>