<?xml version="1.0" encoding="UTF-8"?><TaskList Version="2.0"><Task ConnectorKind="local" RepositoryUrl="local" TaskId="1" Handle="local-1" Label="Àreas das Perguntas" Priority="P3" Kind="task" IssueURL="" Notes="&#13;&#10;" Estimated="0" EndDate="" CreationDate="2017-04-10 02:09:40.324 +0100" ModificationDate="" DueDate="" Owner="local" Active="false" ScheduledStartDate="2017-04-10 00:00:00.0 +0100" ScheduledEndDate="2017-04-16 23:59:59.999 +0100" Reminded="false" MarkReadPending="false" NotifiedIncoming="true" offlineSyncState="SYNCHRONIZED"><SubTask Handle="local-5"/><SubTask Handle="local-4"/><SubTask Handle="local-3"/><SubTask Handle="local-2"/><SubTask Handle="local-7"/><SubTask Handle="local-6"/></Task><Task ConnectorKind="local" RepositoryUrl="local" TaskId="5" Handle="local-5" Label="Adicionar Perguntas a simular" Priority="P3" Kind="task" IssueURL="" Notes="" Estimated="0" EndDate="" CreationDate="2017-04-10 02:14:06.620 +0100" ModificationDate="" DueDate="" Owner="local" Active="false" ScheduledStartDate="2017-04-10 00:00:00.0 +0100" ScheduledEndDate="2017-04-16 23:59:59.999 +0100" Reminded="false" MarkReadPending="false" NotifiedIncoming="true" offlineSyncState="SYNCHRONIZED"/><Task ConnectorKind="local" RepositoryUrl="local" TaskId="4" Handle="local-4" Label="Criar Database" Priority="P3" Kind="task" IssueURL="" Notes="" Estimated="0" EndDate="" CreationDate="2017-04-10 02:14:00.80 +0100" ModificationDate="" DueDate="" Owner="local" Active="false" ScheduledStartDate="2017-04-10 00:00:00.0 +0100" ScheduledEndDate="2017-04-16 23:59:59.999 +0100" Reminded="false" MarkReadPending="false" NotifiedIncoming="true" offlineSyncState="SYNCHRONIZED"/><Task ConnectorKind="local" RepositoryUrl="local" TaskId="3" Handle="local-3" Label="Criar 3 checkbox para respostas " Priority="P3" Kind="task" IssueURL="" Notes="" Estimated="0" EndDate="" CreationDate="2017-04-10 02:13:41.866 +0100" ModificationDate="" DueDate="" Owner="local" Active="false" ScheduledStartDate="2017-04-10 00:00:00.0 +0100" ScheduledEndDate="2017-04-16 23:59:59.999 +0100" Reminded="false" MarkReadPending="false" NotifiedIncoming="true" offlineSyncState="SYNCHRONIZED"/><Task ConnectorKind="local" RepositoryUrl="local" TaskId="2" Handle="local-2" Label="Dar função ao botão iniciar teste" Priority="P3" Kind="task" IssueURL="" Notes="" Estimated="0" EndDate="" CreationDate="2017-04-10 02:12:36.311 +0100" ModificationDate="" DueDate="" Owner="local" Active="false" ScheduledStartDate="2017-04-10 00:00:00.0 +0100" ScheduledEndDate="2017-04-16 23:59:59.999 +0100" Reminded="false" MarkReadPending="false" NotifiedIncoming="true" offlineSyncState="SYNCHRONIZED"/><Task ConnectorKind="local" RepositoryUrl="local" TaskId="7" Handle="local-7" Label="Adicionar Pontuação" Priority="P3" Kind="task" IssueURL="" Notes="" Estimated="0" EndDate="" CreationDate="2017-04-10 02:14:18.694 +0100" ModificationDate="" DueDate="" Owner="local" Active="false" ScheduledStartDate="2017-04-10 00:00:00.0 +0100" ScheduledEndDate="2017-04-16 23:59:59.999 +0100" Reminded="false" MarkReadPending="false" NotifiedIncoming="true" offlineSyncState="SYNCHRONIZED"/><Task ConnectorKind="local" RepositoryUrl="local" TaskId="6" Handle="local-6" Label="Descobrir como verificar se resposta está certa" Priority="P3" Kind="task" IssueURL="" Notes="" Estimated="0" EndDate="" CreationDate="2017-04-10 02:14:12.618 +0100" ModificationDate="" DueDate="" Owner="local" Active="false" ScheduledStartDate="2017-04-10 00:00:00.0 +0100" ScheduledEndDate="2017-04-16 23:59:59.999 +0100" Reminded="false" MarkReadPending="false" NotifiedIncoming="true" offlineSyncState="SYNCHRONIZED"/><TaskCategory Handle="handle-1" Name="Bombeiros"><TaskReference Handle="local-1"/></TaskCategory><TaskCategory Handle="Uncategorized" Name="Uncategorized"/></TaskList>